,loss,mae,val_loss,val_mae
0,414546919424.0,537481.0,431653584896.0,537632.125
1,411636957184.0,535451.375,424959836160.0,533145.8125
2,398481588224.0,526366.3125,402837667840.0,517985.84375
3,364852674560.0,501917.6875,354856370176.0,482853.46875
4,302745649152.0,451808.59375,275547127808.0,415743.6875
5,215231070208.0,366519.59375,182307651584.0,319300.96875
6,141996965888.0,283153.28125,130161426432.0,267307.4375
7,119236657152.0,263443.09375,123544133632.0,264172.71875
8,114537873408.0,259581.109375,119709130752.0,260899.78125
9,110639767552.0,255614.203125,116339605504.0,257675.546875
10,107056365568.0,251590.53125,113038991360.0,254977.609375
11,103798751232.0,247885.28125,110148919296.0,251363.125
12,100437819392.0,243850.515625,107206901760.0,248086.421875
13,97328529408.0,239928.921875,104210792448.0,243943.828125
14,94003068928.0,235657.671875,100892598272.0,239756.953125
15,90287734784.0,230641.9375,97264934912.0,234790.25
16,86502858752.0,225501.609375,93368213504.0,229330.765625
17,81836072960.0,218787.015625,88121909248.0,222316.75
18,76405776384.0,210558.171875,81908809728.0,213056.875
19,69971296256.0,199975.015625,75026440192.0,201413.171875
20,63551729664.0,188282.1875,68505206784.0,189058.390625
21,57602195456.0,176626.203125,63467053056.0,177142.90625
22,53076434944.0,166497.0625,59031191552.0,167833.96875
23,49434546176.0,158331.953125,55741616128.0,160771.640625
24,46617149440.0,152146.765625,53558579200.0,152654.90625
25,44144644096.0,145246.3125,50907480064.0,147830.953125
26,42067369984.0,139935.046875,49137967104.0,140680.046875
27,40314798080.0,134399.765625,47643324416.0,135268.59375
28,38857895936.0,129577.109375,46121578496.0,132638.53125
29,37720231936.0,126297.203125,45212749824.0,128501.4375
30,36835205120.0,123986.0703125,44667232256.0,125178.25
31,36250894336.0,121332.40625,43760369664.0,124724.515625
32,35744317440.0,120102.234375,43363467264.0,122876.2265625
33,35355623424.0,119158.21875,42837164032.0,122095.8828125
34,35017539584.0,117877.015625,42401230848.0,120980.7109375
35,34601525248.0,117312.3671875,42125725696.0,119346.4296875
36,34360389632.0,116418.2734375,42045071360.0,117842.96875
37,34085244928.0,115742.0390625,41404477440.0,118687.1953125
38,33835520000.0,115533.5078125,41280335872.0,118031.6640625
39,33660389376.0,115158.078125,41319428096.0,116496.1640625
40,33492926464.0,114593.6015625,40706949120.0,118490.3671875
41,33374242816.0,114619.2890625,40574103552.0,118635.2734375
42,33258270720.0,114703.875,40481148928.0,117883.890625
43,33140977664.0,114513.7578125,40441376768.0,117152.765625
44,33057738752.0,114127.3515625,40320249856.0,117117.1953125
45,32975435776.0,113854.78125,40428736512.0,116092.3515625
46,32930279424.0,113734.3984375,40234405888.0,116483.90625
47,32855040000.0,113848.7578125,40229085184.0,115974.21875
48,32822554624.0,113259.859375,39996428288.0,117178.3515625
49,32763074560.0,113462.453125,40010481664.0,116495.3203125
50,32713955328.0,113305.4921875,39915962368.0,116553.828125
51,32615667712.0,113161.953125,39859605504.0,116485.9375
52,32617463808.0,113228.078125,39819526144.0,116180.453125
53,32579995648.0,113056.3359375,39701803008.0,116360.65625
54,32497379328.0,113215.8203125,39824588800.0,115384.265625
55,32464871424.0,113073.2109375,39908368384.0,114956.6953125
56,32500314112.0,112735.953125,39747354624.0,115246.015625
57,32413894656.0,112883.1484375,39773687808.0,114932.6328125
58,32380049408.0,112552.1796875,39537541120.0,115676.7109375
59,32355512320.0,112764.46875,39482834944.0,115406.015625
60,32309747712.0,112556.4609375,39331885056.0,116487.5546875
61,32299689984.0,112873.25,39534874624.0,115024.84375
62,32271872000.0,112736.7890625,39589789696.0,114734.2734375
63,32260116480.0,112218.703125,39243517952.0,116486.03125
64,32253450240.0,112445.09375,39213314048.0,116570.5234375
65,32223105024.0,112587.5703125,39176683520.0,116206.9765625
66,32179914752.0,112716.5078125,39274123264.0,115387.90625
67,32203747328.0,112240.046875,39069339648.0,116615.6796875
68,32160155648.0,112756.7734375,39242985472.0,115148.046875
69,32147005440.0,112384.7890625,39203258368.0,115128.015625
70,32153292800.0,112175.0859375,39162408960.0,115257.5
71,32137539584.0,112384.125,39173619712.0,115150.28125
72,32114360320.0,112263.7734375,39180320768.0,114952.1171875
73,32079706112.0,112377.78125,39103283200.0,115009.5
74,32089370624.0,112146.5703125,39111454720.0,114914.1875
75,32075288576.0,111744.8984375,38969143296.0,115816.0859375
76,32032509952.0,112582.9296875,39145967616.0,114737.5078125
77,32029779968.0,112384.5,39233187840.0,114287.078125
78,31983257600.0,112170.7734375,39303454720.0,114189.3359375
79,32002910208.0,111745.7109375,38824083456.0,116061.4296875
80,32011042816.0,112311.734375,39006457856.0,114802.0078125
81,31993346048.0,112036.3828125,38847336448.0,115488.3203125
82,32002983936.0,111968.0234375,38884835328.0,115472.7421875
83,31973183488.0,111942.8046875,38768852992.0,116348.953125
84,31947892736.0,112401.6328125,38794756096.0,115623.9765625
85,31958540288.0,112070.71875,38773714944.0,115705.359375
86,31915515904.0,112368.28125,38927306752.0,114854.2578125
87,31914090496.0,112055.609375,38903222272.0,114789.7890625
88,31972569088.0,111753.640625,38831226880.0,114731.0078125
89,31919435776.0,111792.21875,38630830080.0,115778.78125
90,31916756992.0,111894.234375,38616039424.0,116052.9296875
91,31910295552.0,112008.59375,38953066496.0,114450.0390625
92,31944869888.0,111571.671875,38674919424.0,115666.7109375
93,31863531520.0,112079.0625,38885240832.0,114542.6796875
94,31854411776.0,112042.765625,38669025280.0,115189.1171875
95,31872786432.0,111828.8515625,38599696384.0,115978.78125
96,31833610240.0,112514.9609375,38945349632.0,114164.1875
97,31898791936.0,111595.25,38630264832.0,115332.9765625
98,31870767104.0,111753.7890625,38657044480.0,115110.5546875
99,31879053312.0,111800.4609375,38563405824.0,115953.28125
100,31831166976.0,112238.9296875,38629048320.0,115164.2109375
101,31832205312.0,112132.6953125,38742425600.0,114635.2890625
102,31866304512.0,111778.3984375,38651707392.0,114958.6796875
103,31864276992.0,111814.4921875,38532558848.0,115206.21875
104,31859214336.0,111718.390625,38513881088.0,115343.984375
105,31850680320.0,111726.3671875,38561431552.0,115069.453125
106,31823454208.0,111735.359375,38559838208.0,114960.0
107,31841959936.0,111570.28125,38547664896.0,114989.71875
108,31846713344.0,111701.5,38551031808.0,114886.9140625
109,31819716608.0,111867.3515625,38618656768.0,114536.140625
110,31810021376.0,111666.78125,38650261504.0,114478.7734375
111,31826683904.0,111718.046875,38651727872.0,114555.3125
112,31809708032.0,111663.5625,38488109056.0,115413.453125
113,31780478976.0,112111.5234375,38660509696.0,114533.46875
114,31779938304.0,111744.03125,38655541248.0,114199.5546875
115,31820918784.0,111781.5546875,38526754816.0,114841.8203125
116,31830736896.0,111503.3515625,38514585600.0,114963.9453125
117,31808575488.0,111821.7578125,38506913792.0,114931.84375
118,31791185920.0,111612.6171875,38419042304.0,115519.7578125
119,31808378880.0,111719.203125,38492360704.0,114929.8828125
120,31772254208.0,111974.296875,38716735488.0,114046.25
121,31749943296.0,111720.5625,38764797952.0,113895.578125
122,31780581376.0,111708.8046875,38652588032.0,114247.921875
123,31751653376.0,111619.9140625,38403375104.0,114952.859375
124,31763648512.0,111504.34375,38358396928.0,115266.1640625
125,31733340160.0,111929.7421875,38704406528.0,113894.3125
126,31766611968.0,111672.8515625,38630453248.0,114075.671875
127,31787249664.0,111221.578125,38415540224.0,114631.140625
128,31764697088.0,111631.40625,38303137792.0,115249.359375
129,31729856512.0,111562.5078125,38273056768.0,115608.4375
130,31752656896.0,111707.6953125,38281113600.0,115097.484375
131,31716096000.0,111876.3671875,38572331008.0,113955.890625
132,31758424064.0,111361.0703125,38282518528.0,115427.7734375
133,31755769856.0,111655.0234375,38311215104.0,114740.96875
134,31737417728.0,111629.390625,38523125760.0,113992.6171875
135,31774984192.0,111401.4609375,38298857472.0,114814.8125
136,31720134656.0,111754.15625,38241239040.0,115201.765625
137,31719493632.0,111698.8125,38284124160.0,114816.3046875
138,31706820608.0,111484.0234375,38250270720.0,115038.8203125
139,31694925824.0,111678.1328125,38213562368.0,115399.8984375
140,31725533184.0,111797.875,38305615872.0,114609.3828125
141,31682705408.0,111390.5078125,38176272384.0,115545.625
142,31714754560.0,111538.3671875,38237749248.0,115065.34375
143,31729831936.0,111491.28125,38271610880.0,114736.1640625
144,31702419456.0,111670.9609375,38476447744.0,113986.6015625
145,31699343360.0,111396.6015625,38226284544.0,115258.2265625
146,31705858048.0,111534.109375,38236188672.0,115022.6171875
147,31685914624.0,111530.84375,38252720128.0,114659.5859375
148,31659272192.0,111567.0703125,38255521792.0,114539.6484375
149,31685398528.0,111423.3125,38149718016.0,115170.703125
150,31703486464.0,111556.3125,38195216384.0,114874.0625
151,31600805888.0,111827.875,38800076800.0,113203.0703125
152,31738847232.0,111148.9609375,38445928448.0,113984.7578125
153,31684675584.0,111355.2578125,38434488320.0,114135.3203125
154,31657656320.0,111323.140625,38658793472.0,113377.3828125
155,31689455616.0,110982.1484375,38150905856.0,115701.4140625
156,31699759104.0,111590.6484375,38178476032.0,115062.8125
157,31679213568.0,111398.8046875,38158401536.0,114915.2421875
158,31668303872.0,111290.9921875,38307790848.0,114298.1015625
159,31669696512.0,111403.6484375,38302674944.0,113989.53125
160,31644995584.0,111091.046875,38130626560.0,115615.65625
161,31669604352.0,111713.2734375,38264438784.0,114408.859375
162,31669624832.0,111260.4921875,38219313152.0,114699.984375
163,31694084096.0,111274.9921875,38233960448.0,114546.8125
164,31642179584.0,111477.7109375,38168985600.0,114886.2578125
165,31649484800.0,111475.8671875,38248861696.0,114425.2578125
166,31647354880.0,111320.8515625,38311518208.0,114009.0234375
167,31640387584.0,111037.7578125,38076141568.0,115220.46875
168,31654543360.0,111522.5078125,38218174464.0,114281.1484375
169,31642425344.0,111239.6640625,38131220480.0,114669.953125
170,31662120960.0,111326.2578125,38227005440.0,114069.3359375
171,31639664640.0,111417.4140625,38413565952.0,113523.3125
172,31661285376.0,111198.8203125,38261452800.0,113964.3515625
173,31613038592.0,111401.3671875,38400364544.0,113524.125
174,31592007680.0,110803.109375,38044884992.0,115055.5625
175,31428231168.0,111581.0859375,38667550720.0,112866.1640625
176,31703048192.0,110696.59375,38267281408.0,113772.53125
177,31628740608.0,111032.5078125,38122913792.0,114411.7109375
178,31582881792.0,111300.5078125,38304612352.0,113629.375
179,31652771840.0,111038.6015625,38151897088.0,114165.046875
180,31655483392.0,111096.5078125,38139600896.0,114136.3046875
181,31561875456.0,111524.2890625,38344183808.0,113449.0078125
182,31566903296.0,111185.6875,38347296768.0,113327.140625
183,31611559936.0,110782.21875,37991198720.0,114623.9765625
184,31593512960.0,111279.328125,38085664768.0,114261.0078125
185,31585558528.0,111087.203125,38133686272.0,113932.7109375
186,31525775360.0,111258.3515625,38187843584.0,113651.875
187,31589955584.0,111054.171875,38137622528.0,113837.75
188,31592462336.0,110877.953125,38058995712.0,114256.0546875
189,31544625152.0,111208.0859375,38398279680.0,113119.5
190,31613067264.0,110860.4453125,38027468800.0,114390.03125
191,31545778176.0,111127.15625,38281437184.0,113335.3125
192,31520227328.0,110751.046875,37960273920.0,114494.7734375
193,31514859520.0,111399.984375,38309584896.0,113272.515625
194,31588982784.0,110900.4609375,38161420288.0,113633.625
195,31577016320.0,110884.6484375,38304018432.0,113195.828125
196,31562481664.0,110815.1953125,38240600064.0,113385.1484375
197,31572680704.0,110765.609375,38098100224.0,113759.625
198,31529795584.0,110929.8828125,37985345536.0,114249.484375
199,31527600128.0,111027.2734375,38297309184.0,113206.734375
200,31545985024.0,110857.9140625,38010593280.0,114176.3046875
201,31560957952.0,110877.453125,37984006144.0,114108.171875
202,31533453312.0,110866.4140625,37949792256.0,114631.921875
203,31398701056.0,111506.1015625,38555054080.0,112563.2109375
204,31555608576.0,110648.53125,38296604672.0,113105.7890625
205,31564146688.0,110562.8984375,38104588288.0,113636.1328125
206,31519019008.0,110806.5625,38136320000.0,113199.484375
207,31511160832.0,110741.625,37928767488.0,113895.9375
208,31485124608.0,110967.3125,38085046272.0,113333.0703125
209,31520387072.0,110484.125,37945241600.0,113964.65625
210,31507281920.0,110778.7890625,37967187968.0,113772.7890625
211,31485267968.0,110680.0546875,37941641216.0,114101.9375
212,31442626560.0,110802.125,38098305024.0,113280.0859375
213,31497771008.0,110600.3828125,37951848448.0,113907.0859375
214,31425732608.0,110964.328125,38087131136.0,113352.203125
215,31481901056.0,110693.5390625,38269218816.0,112566.7578125
216,31457378304.0,110706.40625,38166433792.0,112853.4921875
217,31460364288.0,110435.734375,37994143744.0,113231.5625
218,31486144512.0,110283.09375,37925294080.0,113685.5546875
219,31470796800.0,110413.390625,37843001344.0,113940.4921875
220,31482050560.0,110690.2421875,37908082688.0,113580.5859375
221,31430449152.0,110743.203125,38136782848.0,112772.2109375
222,31472285696.0,110264.25,37979492352.0,113028.671875
223,31460763648.0,110350.734375,37965398016.0,113347.46875
224,31484596224.0,110340.2890625,37974921216.0,113385.7265625
225,31433256960.0,110492.265625,37901905920.0,113249.7265625
226,31418966016.0,110673.375,37923770368.0,113202.0859375
227,31457681408.0,110142.0859375,37854208000.0,113745.3671875
228,31383097344.0,110575.71875,38038298624.0,112696.5625
229,31428227072.0,110261.1796875,37961207808.0,112835.609375
230,31388243968.0,110549.1328125,37955887104.0,112785.921875
231,31384096768.0,110374.890625,37733322752.0,113887.4609375
232,31390787584.0,110641.609375,37699346432.0,113994.140625
233,31364204544.0,110809.9296875,37790863360.0,113388.265625
234,31361118208.0,110673.7578125,38031716352.0,112559.578125
235,31375194112.0,110289.78125,37797179392.0,113251.0078125
236,31340304384.0,110501.765625,37858369536.0,112854.359375
237,31370590208.0,110312.78125,37816197120.0,112915.90625
238,31330127872.0,110338.9296875,37705043968.0,113774.375
239,31308468224.0,110473.390625,37840506880.0,112872.2578125
240,31386050560.0,110085.125,37675667456.0,113322.0703125
241,31322699776.0,110530.1796875,37716201472.0,113444.4453125
242,31314712576.0,110532.9296875,37868265472.0,112360.1796875
243,31310620672.0,110064.9921875,37632397312.0,113485.2578125
244,31279583232.0,110434.390625,37923532800.0,112466.7890625
245,31296014336.0,110314.5,38022041600.0,112098.46875
246,31291801600.0,109961.578125,37755670528.0,112658.84375
247,31309260800.0,110164.890625,37675544576.0,113016.8046875
248,31313188864.0,110104.6328125,37750575104.0,112683.3828125
249,31305447424.0,109985.296875,37640720384.0,112829.4765625
250,31241822208.0,110164.65625,37588045824.0,113196.828125
251,31281934336.0,110169.0390625,37686902784.0,112838.2109375
252,31264917504.0,109998.640625,37783248896.0,112235.265625
253,31252348928.0,109992.546875,37638635520.0,112840.6796875
254,31213531136.0,110194.5625,37733318656.0,112333.6953125
255,31186747392.0,109968.28125,37839323136.0,112114.1796875
256,31278891008.0,109800.6484375,37634420736.0,112648.5
257,31261130752.0,109863.8359375,37737095168.0,112318.390625
258,31220566016.0,109818.5625,37559013376.0,113323.265625
259,31186763776.0,110303.546875,37641281536.0,112687.875
260,31198474240.0,110005.671875,37624696832.0,112740.171875
261,31189893120.0,109887.4765625,37562523648.0,112626.7109375
262,31184277504.0,109897.6328125,37540597760.0,112794.7109375
263,31172657152.0,110008.3671875,37614964736.0,112518.140625
264,31169282048.0,109931.640625,37627621376.0,112465.9453125
265,31117744128.0,109930.171875,37736652800.0,111771.5234375
266,31140020224.0,109670.234375,37573173248.0,112402.890625
267,31119828992.0,109740.796875,37494128640.0,112737.3828125
268,31135111168.0,109799.4296875,37492817920.0,112374.8828125
269,31164143616.0,109484.3046875,37486186496.0,112356.8359375
270,31124516864.0,109725.3828125,37567823872.0,112011.828125
271,31088803840.0,109681.8671875,37574168576.0,111829.2578125
272,31031762944.0,109747.046875,37653352448.0,111457.46875
273,31092262912.0,109543.8046875,37391851520.0,112379.1640625
274,31031668736.0,109477.0703125,37376204800.0,113123.4296875
275,31058448384.0,109741.46875,37441576960.0,111980.171875
276,31047569408.0,109460.1015625,37265993728.0,112877.875
277,30990067712.0,109670.6953125,37234450432.0,112913.640625
278,31008444416.0,109803.09375,37270843392.0,112581.5390625
279,30996809728.0,109685.9609375,37462175744.0,111528.7265625
280,30957989888.0,109508.34375,37662412800.0,111018.90625
281,31021418496.0,109142.75,37316136960.0,111906.3828125
282,30924357632.0,109482.578125,37481758720.0,111345.2890625
283,30943219712.0,109063.5078125,37201633280.0,112232.296875
284,30957389824.0,109317.8984375,37351239680.0,111539.6640625
285,30869970944.0,109269.1328125,37753184256.0,110880.1953125
286,30912112640.0,109157.8046875,37221486592.0,111767.1328125
287,30926491648.0,109050.3359375,37368066048.0,111363.1484375
288,30910060544.0,108881.5390625,37148704768.0,111725.7578125
289,30839218176.0,109276.6015625,37322715136.0,111035.765625
290,30847498240.0,108838.2109375,37046243328.0,112520.5234375
291,30843783168.0,109148.640625,37052571648.0,111977.75
292,30819475456.0,109091.109375,37043548160.0,111911.9375
293,30805207040.0,109046.8125,37124657152.0,111320.984375
294,30810968064.0,108792.0546875,36984864768.0,112105.0234375
295,30784331776.0,109064.21875,37051703296.0,111674.8828125
296,30770317312.0,108972.3671875,37106847744.0,111231.8984375
297,30690217984.0,109019.3828125,37472907264.0,110303.09375
298,30774808576.0,108592.5546875,37094699008.0,111228.1484375
299,30679941120.0,108711.7109375,36968488960.0,111304.296875
300,30646484992.0,108925.34375,37205659648.0,110642.1484375
301,30666391552.0,108681.671875,37075763200.0,110854.21875
302,30610659328.0,108758.859375,37057077248.0,111051.4921875
303,30653118464.0,108668.53125,36863475712.0,111392.9375
304,30589997056.0,108749.578125,36758654976.0,111716.0859375
305,30617028608.0,108797.7734375,36796354560.0,111194.0234375
306,30579113984.0,108796.2734375,36893696000.0,110793.0625
307,30612273152.0,108385.0703125,36731408384.0,111508.1875
308,30588522496.0,108584.5859375,36713263104.0,111732.7890625
309,30513803264.0,108770.9140625,36951752704.0,110682.921875
310,30514876416.0,108569.015625,36778139648.0,111024.421875
311,30491535360.0,108507.5234375,36734595072.0,111341.5078125
312,30475651072.0,108716.09375,36842139648.0,110469.8515625
313,30458148864.0,108263.671875,36721938432.0,110866.8046875
314,30410971136.0,108460.125,36623974400.0,110920.1796875
315,30401632256.0,108533.03125,36980289536.0,110076.9296875
316,30435549184.0,108145.9609375,36627591168.0,111222.5390625
317,30398846976.0,108418.3203125,36560203776.0,110902.2734375
318,30390339584.0,108340.703125,36622655488.0,110563.7890625
319,30395424768.0,108155.96875,36577607680.0,110510.453125
320,30387216384.0,108197.9453125,36476887040.0,111021.7578125
321,30299842560.0,108334.78125,36642037760.0,110264.5234375
322,30368262144.0,108001.1328125,36507697152.0,110750.3125
323,30296586240.0,108239.125,36514942976.0,110485.4921875
324,30287745024.0,108059.046875,36409208832.0,111453.6171875
325,30269132800.0,108116.859375,36320358400.0,110973.515625
326,30249074688.0,108181.765625,36491026432.0,110290.3671875
327,30269769728.0,107884.359375,36466987008.0,110109.9296875
328,30239291392.0,107954.4609375,36481748992.0,109952.21875
329,30201884672.0,107954.265625,36308439040.0,110547.953125
330,30193135616.0,108049.0390625,36430696448.0,109882.1875
331,30167662592.0,107867.0859375,36372344832.0,110183.796875
332,30172018688.0,107880.59375,36306952192.0,110036.3515625
333,30134448128.0,107944.234375,36195536896.0,110238.6015625
334,30084442112.0,107943.109375,36317839360.0,109869.8203125
335,30108874752.0,107788.0390625,36165152768.0,110112.28125
336,30074032128.0,107891.875,36153688064.0,110212.890625
337,30019596288.0,107967.1328125,36177367040.0,109903.28125
338,29999355904.0,107590.875,36103819264.0,110208.796875
339,30032889856.0,107705.7734375,36176470016.0,109971.3046875
340,29997287424.0,107807.8671875,36086169600.0,110004.4140625
341,29967984640.0,107735.6015625,36154855424.0,109720.4765625
342,29963425792.0,107559.5546875,35962908672.0,110175.78125
343,29931137024.0,107486.2578125,35886383104.0,110501.1953125
344,29891776512.0,107730.53125,35947032576.0,110060.65625
345,29886031872.0,107655.4375,36062728192.0,109706.1796875
346,29831063552.0,107211.703125,35778170880.0,110926.171875
347,29854947328.0,107744.9296875,35715973120.0,110427.1875
348,29785665536.0,107572.8046875,35730599936.0,109912.6640625
349,29793007616.0,107533.546875,35815813120.0,109640.546875
350,29760743424.0,107641.1171875,36179644416.0,108722.7265625
351,29788870656.0,107155.859375,35598229504.0,109889.1640625
352,29698646016.0,107574.9609375,35719835648.0,109544.6015625
353,29728595968.0,107282.453125,35674677248.0,109711.703125
354,29707169792.0,107195.2421875,35637506048.0,109824.921875
355,29705349120.0,107307.7109375,35569311744.0,109845.328125
356,29668476928.0,107132.71875,35711324160.0,109430.8203125
357,29668165632.0,107293.7109375,35548606464.0,109520.71875
358,29649833984.0,107098.8828125,35431477248.0,110443.96875
359,29619245056.0,107451.40625,35428917248.0,110084.7265625
360,29584052224.0,107436.734375,35581009920.0,109167.1015625
361,29588623360.0,107035.703125,35402326016.0,110217.75
362,29575282688.0,107066.4921875,35370598400.0,109982.5546875
363,29527140352.0,107235.6953125,35446665216.0,109487.875
364,29540429824.0,107040.8671875,35385569280.0,109206.4609375
365,29466808320.0,107150.515625,35545128960.0,108937.3828125
366,29481037824.0,107045.4453125,35272675328.0,109416.5859375
367,29495713792.0,107006.3046875,35224436736.0,109797.6953125
368,29465432064.0,107141.5625,35270672384.0,109280.1953125
369,29481074688.0,106828.609375,35199860736.0,109771.75
370,29409916928.0,107180.78125,35316465664.0,108910.25
371,29393557504.0,106913.6796875,35157012480.0,109977.765625
372,29423517696.0,106867.546875,35131944960.0,109629.5078125
373,29327439872.0,107123.9296875,35382644736.0,108631.9140625
374,29359835136.0,106768.9453125,35076227072.0,109586.5234375
375,29311109120.0,106997.015625,35354234880.0,108585.40625
376,29349122048.0,106695.2265625,34991226880.0,109513.40625
377,29293037568.0,106994.2734375,35019276288.0,109310.8828125
378,29321605120.0,106811.7421875,35060416512.0,109043.4296875
379,29294340096.0,106876.96875,35017175040.0,108975.3203125
380,29214287872.0,106844.296875,35075555328.0,108549.078125
381,29273987072.0,106579.5703125,34879356928.0,109175.71875
382,29145522176.0,106915.8515625,35067510784.0,108482.5234375
383,29181861888.0,106787.953125,34982080512.0,108749.5078125
384,29226280960.0,106656.3984375,34889678848.0,109055.421875
385,29188251648.0,106727.6953125,34816634880.0,109264.8828125
386,29173086208.0,106849.234375,34909290496.0,108738.8828125
387,29164556288.0,106702.96875,34770567168.0,109455.234375
388,29119412224.0,106830.6015625,34820923392.0,108599.6796875
389,29145206784.0,106595.9140625,34786590720.0,108805.328125
390,29099038720.0,106735.515625,34592681984.0,109244.90625
391,29102364672.0,106800.4921875,34685898752.0,108462.734375
392,29076191232.0,106749.6875,34653929472.0,108665.1171875
393,29044551680.0,106561.9765625,34538459136.0,109292.3125
394,29029830656.0,106803.5,34584883200.0,108864.0
395,29029511168.0,106594.8046875,34490277888.0,109582.7578125
396,29009944576.0,106789.8671875,34715037696.0,108294.6328125
397,28943009792.0,106730.890625,34719694848.0,108196.75
398,29013985280.0,106459.2421875,34462162944.0,109340.5859375
399,28971251712.0,106796.046875,34604769280.0,108276.375
400,28961957888.0,106516.203125,34499813376.0,108476.171875
401,28954058752.0,106665.4609375,34683899904.0,107911.1171875
402,28944695296.0,106362.84375,34420305920.0,108698.7265625
403,28957390848.0,106479.8125,34391576576.0,108430.7734375
404,28866160640.0,106379.828125,34306164736.0,109423.5625
405,28894302208.0,106572.453125,34399936512.0,108468.6328125
406,28874252288.0,106480.6796875,34322022400.0,108492.375
407,28932933632.0,106298.3671875,34289692672.0,108771.1484375
408,28882046976.0,106355.71875,34310004736.0,108968.140625
409,28827551744.0,106628.1015625,34247149568.0,108778.3515625
410,28873086976.0,106456.453125,34235170816.0,108580.546875
411,28820303872.0,106425.3359375,34190047232.0,108971.8515625
412,28775376896.0,106531.2421875,34318489600.0,108153.0234375
413,28802957312.0,106256.3125,34271942656.0,108331.1328125
414,28759220224.0,106356.53125,34124537856.0,108541.109375
415,28747630592.0,106469.203125,34063767552.0,108745.3984375
416,28694507520.0,106472.1875,34195951616.0,108262.3203125
417,28717660160.0,106313.1875,34199240704.0,108266.75
418,28697270272.0,106104.8671875,34041088000.0,109570.0625
419,28703518720.0,106432.8359375,34042032128.0,108837.0078125
420,28700786688.0,106373.2578125,34056593408.0,108482.484375
421,28665731072.0,106242.875,33951051776.0,108896.4609375
422,28642093056.0,106478.0625,34001584128.0,108728.7578125
423,28646608896.0,106246.5625,34051158016.0,108183.71875
424,28623177728.0,106142.4453125,33966798848.0,108635.125
425,28567533568.0,106381.9765625,34068842496.0,108192.5625
426,28555747328.0,106378.40625,34255243264.0,107679.7421875
427,28590571520.0,105980.9765625,33908336640.0,108757.4140625
428,28590295040.0,106136.9296875,33977569280.0,108128.828125
429,28572948480.0,106148.0078125,34017546240.0,108118.234375
430,28532609024.0,106276.4921875,33902548992.0,108389.6328125
431,28546453504.0,106104.28125,33843740672.0,108402.1015625
432,28508487680.0,106236.625,33893980160.0,108065.2890625
433,28496373760.0,105882.1640625,33826162688.0,108625.4453125
434,28463884288.0,106050.71875,33753841664.0,108850.109375
435,28458700800.0,106125.71875,33741148160.0,108747.875
436,28355313664.0,106323.484375,33922748416.0,107950.296875
437,28486172672.0,106038.140625,33812666368.0,108403.0703125
438,28448763904.0,106091.4609375,33842534400.0,108146.6484375
439,28438427648.0,106190.0703125,33876658176.0,107751.984375
440,28437577728.0,106031.265625,33856053248.0,107817.8203125
441,28413200384.0,106097.796875,33958041600.0,107534.640625
442,28440856576.0,105874.078125,33705037824.0,108969.921875
443,28398043136.0,106027.75,33671667712.0,108804.8359375
444,28415877120.0,106105.7890625,33714561024.0,108159.859375
445,28379367424.0,106077.9921875,33707943936.0,108107.953125
446,28369401856.0,105983.1171875,33695203328.0,108039.4609375
447,28333944832.0,105966.6484375,33680080896.0,108362.5234375
448,28362272768.0,105908.7109375,33587240960.0,108338.3203125
449,28343228416.0,106057.2578125,33666328576.0,107958.796875
450,28320333824.0,105987.9296875,33713332224.0,107650.5703125
451,28308135936.0,105842.28125,33511417856.0,108486.6015625
452,28301883392.0,106004.8203125,33527832576.0,108516.9296875
453,28275083264.0,106039.578125,33639847936.0,107759.34375
454,28212774912.0,105793.7578125,33469435904.0,109518.3125
455,28280647680.0,106260.8203125,33552439296.0,108131.203125
456,28286720000.0,105784.15625,33469069312.0,108257.1015625
457,28205418496.0,106010.265625,33666494464.0,107640.265625
458,28272087040.0,105798.71875,33460127744.0,108284.1484375
459,28201762816.0,105876.0703125,33402269696.0,108259.3515625
460,28252702720.0,105913.3359375,33399695360.0,108173.1953125
461,28156301312.0,105954.9765625,33403367424.0,108528.28125
462,28184434688.0,105986.0,33296046080.0,108603.546875
463,28160399360.0,105887.7421875,33291243520.0,109153.8203125
464,28088950784.0,105975.5625,33458866176.0,107748.5859375
465,28197777408.0,105699.296875,33347538944.0,108331.4921875
466,28169549824.0,105918.7109375,33420734464.0,107799.984375
467,28155611136.0,105878.6953125,33379852288.0,108176.8828125
468,28181166080.0,105790.625,33391042560.0,107773.046875
469,28158818304.0,105746.25,33318535168.0,108071.703125
470,28173889536.0,105712.5,33286928384.0,108461.4765625
471,28085100544.0,106068.1953125,33590857728.0,107277.7265625
472,28168808448.0,105724.7265625,33249894400.0,108314.390625
473,28096821248.0,105849.3828125,33192108032.0,108788.1953125
474,28096393216.0,106029.421875,33356726272.0,107529.4609375
475,28084267008.0,105670.125,33250797568.0,108358.6171875
476,28100106240.0,105946.5703125,33280114688.0,107839.421875
477,28084099072.0,105822.4921875,33158490112.0,108659.5546875
478,28074969088.0,105927.4453125,33246908416.0,108154.96875
479,28072185856.0,105742.171875,33221332992.0,108100.890625
480,28071526400.0,105648.4609375,33184706560.0,107887.65625
481,28074809344.0,105686.21875,33182367744.0,107931.3671875
482,28037138432.0,105831.9296875,33181460480.0,107741.71875
483,28046850048.0,105411.8828125,33080358912.0,109118.4609375
484,28032145408.0,105958.5390625,33104988160.0,108056.3203125
485,28012527616.0,105793.5859375,33091371008.0,108582.21875
486,28004024320.0,105721.3125,33085259776.0,108161.640625
487,28001255424.0,105698.6328125,33044103168.0,108148.6953125
488,28001052672.0,105731.6640625,33049591808.0,107859.8515625
489,28006584320.0,105648.25,33043111936.0,108038.1328125
490,27981299712.0,105726.53125,33089058816.0,107619.453125
491,27956154368.0,105674.171875,33011890176.0,108204.375
492,27993180160.0,105733.4140625,33014345728.0,107984.796875
493,27955884032.0,105738.5,33035868160.0,107891.5234375
494,27993344000.0,105524.1484375,32952164352.0,108523.484375
495,27935481856.0,105674.296875,32912240640.0,108860.4296875
496,27923937280.0,105896.234375,33107423232.0,107441.9609375
497,27939966976.0,105670.8359375,33096628224.0,107377.0625
498,27960518656.0,105519.375,32934541312.0,107964.6484375
499,27953635328.0,105594.5390625,32988717056.0,107805.3515625
500,27893207040.0,105452.3671875,32913924096.0,108093.53125
501,27899406336.0,105787.5703125,33024051200.0,107701.0078125
502,27881381888.0,105631.7109375,33147226112.0,107316.2734375
503,27924252672.0,105438.390625,32894879744.0,108514.921875
504,27889362944.0,105834.75,33063436288.0,107269.296875
505,27921559552.0,105544.1015625,32937865216.0,107894.140625
506,27900868608.0,105611.734375,32854603776.0,108523.4921875
507,27884791808.0,105769.765625,32967839744.0,107711.15625
508,27906703360.0,105549.6953125,32897560576.0,108149.5546875
509,27870052352.0,105695.9296875,32873861120.0,107741.1171875
510,27884570624.0,105561.734375,32843880448.0,107761.6640625
511,27809591296.0,105565.8828125,33245552640.0,106977.546875
512,27896750080.0,105390.1171875,32851822592.0,108132.9140625
513,27835707392.0,105659.5546875,32884168704.0,107696.1953125
514,27856979968.0,105213.8984375,32845795328.0,108770.3828125
515,27859212288.0,105753.6171875,32931719168.0,107543.3828125
516,27829415936.0,105436.7890625,32975091712.0,107629.59375
517,27849062400.0,105480.796875,32779874304.0,108436.6953125
518,27781799936.0,105651.921875,32836206592.0,107842.1875
519,27769958400.0,105779.203125,32969906176.0,107213.890625
520,27790266368.0,105503.8359375,32747894784.0,108393.75
521,27762720768.0,105591.7109375,32823578624.0,107774.2734375
522,27814387712.0,105493.1328125,32789886976.0,107675.7265625
523,27797862400.0,105454.8359375,32747206656.0,107970.265625
524,27780005888.0,105687.34375,32826103808.0,107418.3203125
525,27775111168.0,105317.4296875,32751538176.0,108582.671875
526,27803789312.0,105627.7578125,32808097792.0,107376.0546875
527,27785572352.0,105421.5390625,32725383168.0,108430.78125
528,27769569280.0,105668.7109375,32727097344.0,107621.9140625
529,27722393600.0,105363.078125,32693522432.0,108004.90625
530,27747919872.0,105438.6953125,32709126144.0,107858.765625
531,27731650560.0,105549.7890625,32832286720.0,107564.7109375
532,27726692352.0,105437.1796875,32896016384.0,107161.71875
533,27745894400.0,105229.484375,32738750464.0,107730.828125
534,27718656000.0,105437.8046875,32862072832.0,107398.796875
535,27756091392.0,105424.15625,32702937088.0,107737.5859375
536,27715004416.0,105574.2265625,32693917696.0,108061.7890625
537,27721912320.0,105507.9140625,32708696064.0,107952.0546875
538,27681708032.0,105464.0390625,32732610560.0,107462.0546875
539,27731410944.0,105403.96875,32682409984.0,107640.265625
540,27710984192.0,105469.7265625,32593211392.0,108196.6171875
541,27662112768.0,105508.5390625,32591443968.0,108459.59375
542,27671568384.0,105285.5625,32658864128.0,108581.8359375
543,27696107520.0,105586.0546875,32709337088.0,107589.171875
544,27683641344.0,105310.890625,32689274880.0,107733.9296875
545,27642785792.0,105421.8203125,32583688192.0,107873.34375
546,27588515840.0,105511.5078125,32625846272.0,107285.4375
547,27668127744.0,105141.265625,32556167168.0,108364.234375
548,27680890880.0,105487.671875,32587218944.0,107989.0078125
549,27653353472.0,105555.2578125,32623171584.0,107550.140625
550,27618639872.0,105369.9140625,32613210112.0,107696.90625
551,27639377920.0,105430.7265625,32559609856.0,107776.65625
552,27625893888.0,105492.8203125,32621021184.0,107352.375
553,27631065088.0,105272.0859375,32544071680.0,107655.3125
554,27620495360.0,105360.375,32531159040.0,107375.6796875
555,27583600640.0,105214.1953125,32533329920.0,107555.53125
556,27560230912.0,105347.4453125,32799793152.0,106783.875
557,27638259712.0,105111.890625,32674363392.0,107372.8984375
558,27598325760.0,105300.7578125,32471640064.0,107730.25
559,27574259712.0,105132.890625,32423462912.0,107821.25
560,27559983104.0,105344.8203125,32543557632.0,107246.21875
561,27553015808.0,105280.5625,32442257408.0,107936.7265625
562,27553515520.0,105252.5859375,32433580032.0,107821.5390625
563,27569176576.0,105042.40625,32430057472.0,108275.40625
564,27551432704.0,105231.515625,32455624704.0,107819.5546875
565,27541301248.0,105308.8359375,32538275840.0,107193.9765625
566,27513661440.0,105217.9296875,32507211776.0,107400.28125
567,27501848576.0,105306.109375,32572078080.0,107025.7109375
568,27509891072.0,105090.9453125,32440596480.0,107740.2265625
569,27537653760.0,105109.421875,32483096576.0,107447.09375
570,27504046080.0,105042.375,32472358912.0,107994.203125
571,27524591616.0,105242.8671875,32438882304.0,107533.7890625
572,27466772480.0,105179.8671875,32523794432.0,107687.84375
573,27503192064.0,105050.2734375,32403128320.0,108000.578125
574,27407257600.0,105180.7734375,32700319744.0,106987.3828125
575,27433623552.0,105203.40625,32470384640.0,107208.8046875
576,27461474304.0,105172.09375,32542806016.0,107140.65625
577,27478013952.0,105107.34375,32495349760.0,107086.5703125
578,27483496448.0,105005.96875,32385519616.0,107324.375
579,27469856768.0,105124.703125,32409681920.0,107057.0234375
580,27423920128.0,105056.3515625,32437565440.0,107031.59375
581,27441008640.0,104862.109375,32527427584.0,106940.78125
582,27485900800.0,104865.546875,32318101504.0,107587.9921875
583,27450738688.0,104991.4453125,32387842048.0,106975.046875
584,27423363072.0,104774.03125,32403369984.0,107156.0234375
585,27407134720.0,104936.953125,32488515584.0,107119.9765625
586,27421093888.0,105027.5,32389560320.0,106960.71875
587,27400650752.0,104915.21875,32409675776.0,107255.984375
588,27375681536.0,104783.421875,32313485312.0,108567.359375
589,27410487296.0,105061.9765625,32334077952.0,107129.2890625
590,27382818816.0,105033.65625,32427014144.0,106972.515625
591,27395018752.0,104866.3359375,32253636608.0,107606.015625
592,27395872768.0,104920.1015625,32243060736.0,107728.6875
593,27381776384.0,104848.1328125,32233777152.0,107633.5390625
594,27389753344.0,104943.703125,32238209024.0,107561.9453125
595,27375738880.0,104904.0703125,32221194240.0,107357.6640625
596,27370915840.0,104907.8828125,32292712448.0,106981.1015625
597,27324889088.0,104791.5078125,32273235968.0,106840.9375
598,27332503552.0,104702.1171875,32149549056.0,107735.5625
599,27331796992.0,104830.125,32150185984.0,107568.578125
600,27335888896.0,104798.703125,32192075776.0,107341.0625
601,27306145792.0,104762.7734375,32114194432.0,107595.3515625
602,27289241600.0,104903.3125,32266655744.0,106600.5859375
603,27294619648.0,104754.0,32259405824.0,106717.21875
604,27263639552.0,104767.0234375,32239949824.0,106780.546875
605,27292905472.0,104656.9375,32110528512.0,107454.65625
606,27270928384.0,104773.6953125,32096673792.0,107008.125
607,27237328896.0,104438.671875,32126066688.0,108402.40625
608,27232497664.0,104729.890625,32106756096.0,108395.0234375
609,27258861568.0,104856.8359375,32119369728.0,107060.890625
610,27205855232.0,104714.2890625,32185171968.0,106628.515625
611,27212349440.0,104538.609375,32062330880.0,107190.6484375
612,27216373760.0,104592.1328125,32168357888.0,106615.4453125
613,27233486848.0,104560.125,32109041664.0,106745.1953125
614,27243569152.0,104445.7734375,32075476992.0,107623.7578125
615,27223920640.0,104588.09375,32061319168.0,107109.265625
616,27179612160.0,104594.984375,32357093376.0,106141.4921875
617,27239266304.0,104458.15625,32078446592.0,106896.171875
618,27193874432.0,104443.6640625,32058501120.0,107290.0546875
619,27196131328.0,104530.859375,32058830848.0,107132.9765625
620,27145111552.0,104435.0546875,32057911296.0,107076.5703125
621,27166451712.0,104347.7890625,32044197888.0,107009.7265625
622,27134578688.0,104514.7734375,32194605056.0,106490.5546875
623,27175030784.0,104357.1796875,32039983104.0,106662.4765625
624,27130028032.0,104435.3984375,31987140608.0,106846.9140625
625,27129600000.0,104485.9765625,32047747072.0,106445.34375
626,27094202368.0,104248.7109375,32149854208.0,106653.8046875
627,27131119616.0,104387.78125,32022616064.0,106769.7109375
628,27110369280.0,104396.796875,31927836672.0,107278.0
629,27052439552.0,104363.1796875,32055472128.0,106726.953125
630,27076493312.0,104390.4609375,32113115136.0,106413.46875
631,27092180992.0,104214.5703125,31939303424.0,106621.296875
632,27063502848.0,104250.34375,31930777600.0,107006.671875
633,27050979328.0,104229.5703125,31905433600.0,106685.6171875
634,27039703040.0,104193.4375,31873509376.0,106773.5234375
635,27004817408.0,104201.21875,31947745280.0,106219.4375
636,27014979584.0,104176.21875,31908198400.0,106213.265625
637,26928840704.0,103912.125,31861348352.0,108420.015625
638,26980255744.0,104452.2265625,31783159808.0,106577.0234375
639,27009632256.0,104157.6953125,31927083008.0,106343.09375
640,26952151040.0,103926.8671875,31793186816.0,106843.5859375
641,26921760768.0,104114.546875,31740606464.0,106987.9140625
642,26915735552.0,103981.296875,31772674048.0,106618.0859375
643,26901477376.0,104027.6796875,31732738048.0,106706.5625
644,26882580480.0,103968.9765625,31740610560.0,106660.0546875
645,26853189632.0,104143.046875,31890896896.0,106024.3046875
646,26883889152.0,103834.6171875,31681302528.0,106588.3125
647,26857172992.0,103879.40625,31697371136.0,106553.9296875
648,26836326400.0,103865.9296875,31708508160.0,106242.53125
649,26813050880.0,103798.453125,31775447040.0,105907.4375
650,26759968768.0,103695.375,31636330496.0,106169.59375
651,26754240512.0,103800.6875,31589599232.0,106567.234375
652,26742226944.0,103754.8515625,31666833408.0,105797.0859375
653,26722023424.0,103497.125,31740962816.0,105595.375
654,26668232704.0,103562.71875,31588179968.0,105937.3984375
655,26705592320.0,103607.796875,31516704768.0,106345.671875
656,26652958720.0,103598.8125,31624589312.0,105582.7421875
657,26637924352.0,103506.7265625,31458752512.0,106294.8984375
658,26607534080.0,103362.1484375,31402139648.0,106866.0546875
659,26573293568.0,103609.53125,31364306944.0,105967.1640625
660,26554687488.0,103396.578125,31427794944.0,105554.953125
661,26551365632.0,103311.6953125,31450464256.0,105319.328125
662,26531178496.0,103149.578125,31289970688.0,105973.1171875
663,26468294656.0,103242.09375,31245574144.0,105788.296875
664,26493896704.0,103115.90625,31240935424.0,105677.21875
665,26480685056.0,103220.859375,31202127872.0,105808.4453125
666,26414921728.0,103057.078125,31210110976.0,106076.1328125
667,26425849856.0,102994.171875,31254282240.0,105687.0703125
668,26386644992.0,102780.125,31203981312.0,106098.5234375
669,26381207552.0,102908.9921875,31148247040.0,105644.90625
670,26358663168.0,102908.0,31369269248.0,104818.9296875
671,26364639232.0,102713.46875,31147431936.0,106001.21875
672,26309060608.0,102951.078125,31290843136.0,104829.9296875
673,26313295872.0,102634.609375,31101751296.0,105771.1171875
674,26210467840.0,102875.890625,31369994240.0,104673.6796875
675,26277961728.0,102559.734375,31169896448.0,105561.34375
676,26274727936.0,102615.671875,31093426176.0,105774.390625
677,26254305280.0,102613.7265625,31080859648.0,105793.2421875
678,26213928960.0,102622.2890625,31175114752.0,105051.875
679,26219528192.0,102490.6171875,31142885376.0,105726.140625
680,26204092416.0,102679.921875,31226126336.0,104821.859375
681,26178002944.0,102385.234375,31190194176.0,105225.015625
682,26199390208.0,102503.9140625,31125477376.0,105270.984375
683,26155927552.0,102517.359375,31032389632.0,105244.59375
684,26143518720.0,102252.9296875,30971213824.0,105993.921875
685,26139518976.0,102600.0078125,31036694528.0,105168.9765625
686,26107863040.0,102353.875,31085516800.0,104924.5703125
687,26042941440.0,102387.3359375,31283322880.0,104393.5859375
688,26068832256.0,102159.9140625,31060901888.0,105156.265625
689,26108325888.0,102298.828125,30931308544.0,105276.6875
690,26061236224.0,102280.2265625,30907394048.0,105454.21875
691,26055755776.0,102255.2109375,30932545536.0,106274.140625
692,26062925824.0,102329.6953125,30890897408.0,105636.4453125
693,26044995584.0,102282.859375,30961721344.0,105184.2265625
694,26046375936.0,102183.546875,30907162624.0,105302.5625
695,26026704896.0,102224.921875,30938085376.0,104847.828125
696,26021918720.0,102163.9453125,30860869632.0,105030.265625
697,26015070208.0,102010.6015625,30897956864.0,105044.3046875
698,26001436672.0,102071.8984375,30927814656.0,104687.7734375
699,25938126848.0,101868.953125,30802538496.0,106230.7421875
700,25972211712.0,102313.9921875,30779664384.0,105084.2890625
701,25978177536.0,102031.7265625,30764740608.0,105406.1640625
702,25904105472.0,101956.8046875,30782801920.0,105071.7421875
703,25909903360.0,102000.515625,30832214016.0,105506.25
704,25958653952.0,102145.71875,30772183040.0,105274.3515625
705,25909972992.0,102069.65625,30852190208.0,105101.8828125
706,25924485120.0,102046.7421875,30768457728.0,105452.0234375
707,25925992448.0,102074.3203125,30727407616.0,105782.109375
708,25926529024.0,102052.6953125,30708656128.0,105008.2578125
709,25879398400.0,101825.0234375,30695741440.0,105642.390625
710,25847781376.0,102043.4765625,30817859584.0,104785.0234375
711,25916776448.0,101838.265625,30719023104.0,105198.0703125
712,25890048000.0,101937.234375,30760437760.0,105230.578125
713,25867558912.0,102101.546875,30882549760.0,104326.78125
714,25884401664.0,101888.6796875,30720516096.0,104830.0390625
715,25850542080.0,101802.3984375,30658932736.0,105183.234375
716,25815093248.0,101847.7578125,30959124480.0,104097.9296875
717,25873735680.0,101595.1171875,30696167424.0,104779.359375
718,25834364928.0,101869.5625,30706851840.0,104580.765625
719,25811589120.0,101837.5,30745825280.0,104249.25
720,25835685888.0,101571.3671875,30680528896.0,104743.84375
721,25816162304.0,101724.5078125,30626686976.0,104881.9296875
722,25820272640.0,101838.5390625,30606202880.0,105111.1484375
723,25815482368.0,101771.125,30572476416.0,104807.796875
724,25798842368.0,101680.8359375,30644183040.0,104712.6640625
725,25792798720.0,101632.7265625,30582784000.0,105146.6015625
726,25780396032.0,101866.234375,30607177728.0,104634.25
727,25775204352.0,101740.015625,30640005120.0,104585.1484375
728,25800724480.0,101644.09375,30626019328.0,104396.1875
729,25774245888.0,101642.578125,30616420352.0,104612.25
730,25699833856.0,101750.609375,30775951360.0,104103.71875
731,25722593280.0,101511.9765625,30481788928.0,105067.9140625
732,25698566144.0,101778.921875,30738470912.0,103870.9296875
733,25738094592.0,101352.828125,30550222848.0,105121.9765625
734,25689759744.0,101798.5703125,30871812096.0,103650.3515625
735,25766682624.0,101479.0703125,30564020224.0,104573.8515625
736,25708609536.0,101545.3046875,30546407424.0,104609.0859375
737,25693474816.0,101670.234375,30681944064.0,104160.2421875
738,25725478912.0,101514.375,30628296704.0,104249.0234375
739,25735079936.0,101470.421875,30544236544.0,105164.4453125
740,25718740992.0,101665.3203125,30611779584.0,104342.515625
741,25701761024.0,101495.1875,30593173504.0,104635.765625
742,25695864832.0,101487.75,30544633856.0,105004.859375
743,25695696896.0,101630.4140625,30496401408.0,104456.1875
744,25690630144.0,101493.234375,30621011968.0,104064.3359375
745,25669435392.0,101553.1875,30685075456.0,103684.5625
746,25687992320.0,101458.6328125,30531121152.0,103871.5546875
747,25679073280.0,101356.21875,30521350144.0,103952.796875
748,25666465792.0,101274.7109375,30414385152.0,104581.6875
749,25659451392.0,101350.9921875,30413234176.0,104490.1328125
750,25654413312.0,101463.734375,30492821504.0,103958.8984375
751,25611972608.0,101391.1953125,30866671616.0,103331.84375
752,25678368768.0,101146.0234375,30407641088.0,104420.15625
753,25631744000.0,101477.9921875,30433275904.0,104248.9765625
754,25659068416.0,101294.765625,30440083456.0,104213.5859375
755,25641900032.0,101235.1484375,30412361728.0,104743.6640625
756,25627701248.0,101531.203125,30555648000.0,103776.8515625
757,25628323840.0,101330.609375,30664849408.0,103510.9921875
758,25623773184.0,101075.03125,30443094016.0,105167.484375
759,25632061440.0,101415.296875,30442778624.0,104441.03125
760,25614882816.0,101251.8046875,30504757248.0,103853.9921875
761,25623144448.0,101214.9453125,30509068288.0,103908.546875
762,25630808064.0,101272.1328125,30482282496.0,103823.828125
763,25604456448.0,101163.453125,30466492416.0,103968.015625
764,25595164672.0,101262.3828125,30494052352.0,103721.375
765,25594310656.0,100985.09375,30365663232.0,104559.515625
766,25617866752.0,101414.265625,30393980928.0,104052.2734375
767,25590335488.0,101216.8828125,30447613952.0,103721.390625
768,25590243328.0,101092.7734375,30404046848.0,104178.65625
769,25569779712.0,101269.4765625,30693206016.0,103094.15625
770,25597761536.0,101095.734375,30582425600.0,103322.9296875
771,25578911744.0,100957.3984375,30331760640.0,104689.515625
772,25557426176.0,101540.8671875,30440044544.0,103581.1484375
773,25540993024.0,101081.6953125,30424356864.0,104109.40625
774,25570557952.0,101261.6640625,30360475648.0,103726.515625
775,25511151616.0,101200.0703125,30431035392.0,103487.046875
776,25539821568.0,100991.6796875,30246733824.0,104201.0390625
777,25540612096.0,101135.15625,30312167424.0,104163.1796875
778,25528244224.0,101030.609375,30413228032.0,104506.046875
779,25542289408.0,101201.78125,30341836800.0,104059.203125
780,25531873280.0,101143.796875,30383532032.0,103590.0703125
781,25531201536.0,100915.046875,30276012032.0,104036.796875
782,25530693632.0,101204.296875,30359318528.0,103520.65625
783,25512966144.0,100979.6796875,30487791616.0,103545.9609375
784,25533093888.0,101008.1640625,30232358912.0,104243.3515625
785,25489489920.0,101228.5546875,30370193408.0,103213.4296875
786,25522675712.0,100847.8359375,30211803136.0,104305.21875
787,25462087680.0,101163.859375,30313881600.0,103663.390625
788,25490079744.0,101024.4609375,30267848704.0,103598.671875
789,25505435648.0,100990.6484375,30242844672.0,103661.046875
790,25506377728.0,100951.84375,30211540992.0,103463.1328125
791,25514930176.0,100944.3828125,30178406400.0,103857.2109375
792,25474732032.0,100965.7265625,30214219776.0,103598.046875
793,25507459072.0,100904.859375,30261172224.0,103553.0078125
794,25493055488.0,100929.0703125,30244663296.0,103585.9296875
795,25506760704.0,100929.3671875,30205595648.0,103657.015625
796,25473409024.0,100833.8984375,30161102848.0,104410.28125
797,25482575872.0,101056.8125,30256826368.0,103508.8828125
798,25488732160.0,100847.5234375,30149867520.0,104118.25
799,25488576512.0,100933.875,30139475968.0,103869.859375
800,25495097344.0,100896.7734375,30153486336.0,104091.0625
801,25483593728.0,100944.0625,30098794496.0,104112.828125
802,25439817728.0,100970.671875,30090192896.0,103776.015625
803,25475346432.0,100835.6640625,30155180032.0,103376.3828125
804,25441841152.0,100744.9765625,30051467264.0,103757.359375
805,25477621760.0,100896.0390625,30128332800.0,103810.8203125
806,25435144192.0,100865.25,30093848576.0,103616.9296875
807,25461612544.0,100679.0,30205589504.0,103414.109375
808,25442977792.0,100847.40625,30245814272.0,103258.25
809,25426153472.0,100823.953125,30399242240.0,103011.9375
810,25474453504.0,100780.859375,30193543168.0,103388.8671875
811,25439703040.0,100836.8359375,30245306368.0,103099.015625
812,25458313216.0,100716.359375,30029502464.0,103563.4453125
813,25402828800.0,100762.8984375,30058557440.0,103957.3203125
814,25419538432.0,100819.7890625,30030516224.0,104716.4453125
815,25438578688.0,101077.671875,30013200384.0,103932.828125
816,25435152384.0,100870.9921875,30099261440.0,103392.546875
817,25367017472.0,100763.0078125,30332774400.0,103130.96875
818,25439217664.0,100803.6328125,30189879296.0,102905.9296875
819,25417738240.0,100680.703125,29977862144.0,103867.7109375
820,25418629120.0,100859.8359375,29997463552.0,103719.7265625
821,25397647360.0,100909.609375,30113867776.0,103195.03125
822,25416722432.0,100669.34375,29969559552.0,103520.359375
823,25406918656.0,100723.8046875,29980338176.0,103676.390625
824,25402441728.0,100837.0234375,30098704384.0,103172.4296875
825,25367951360.0,100753.421875,30322642944.0,102550.6171875
826,25416931328.0,100573.3046875,30006691840.0,103482.59375
827,25423446016.0,100668.3046875,30011238400.0,103352.890625
828,25411919872.0,100630.9140625,30005876736.0,103517.578125
829,25405990912.0,100748.5078125,29981261824.0,103646.1953125
830,25399361536.0,100742.9765625,29974589440.0,103512.3984375
831,25402316800.0,100731.6484375,29966561280.0,103491.09375
832,25394798592.0,100695.578125,29990891520.0,103325.1328125
833,25391650816.0,100666.3359375,30086006784.0,103005.75
834,25396011008.0,100476.46875,29990371328.0,103522.9609375
835,25365424128.0,100731.46875,30228596736.0,102791.7421875
836,25337047040.0,100512.3671875,29947152384.0,103757.65625
837,25375125504.0,100674.2734375,30025428992.0,103200.15625
838,25336201216.0,100611.03125,30066968576.0,102967.484375
839,25359861760.0,100656.359375,30084534272.0,103599.1015625
840,25367816192.0,100612.34375,29970311168.0,104223.1875
841,25353330688.0,100705.1171875,30097442816.0,102950.7109375
842,25382950912.0,100606.96875,29970440192.0,103106.9375
843,25355601920.0,100587.203125,29938937856.0,103453.796875
844,25360955392.0,100671.2265625,29883826176.0,103860.9140625
845,25369686016.0,100648.859375,29953353728.0,103492.0390625
846,25339277312.0,100722.046875,29963212800.0,103141.78125
847,25324605440.0,100449.7265625,29901639680.0,103971.9609375
848,25372700672.0,100630.546875,29943521280.0,103340.96875
849,25334925312.0,100639.046875,29960177664.0,103429.484375
850,25349318656.0,100664.7734375,30052167680.0,103084.0390625
851,25376526336.0,100569.4921875,30021509120.0,102804.5625
852,25338636288.0,100474.71875,29935720448.0,103696.40625
853,25367410688.0,100542.6953125,29909671936.0,103356.1484375
854,25293131776.0,100551.3828125,29983320064.0,103377.1484375
855,25341995008.0,100552.234375,29882611712.0,103606.734375
856,25338626048.0,100668.9140625,29891491840.0,103267.1796875
857,25320173568.0,100550.6484375,29876801536.0,103227.0625
858,25330751488.0,100595.25,30007382016.0,102585.109375
859,25343559680.0,100452.7265625,30032111616.0,102642.5546875
860,25344212992.0,100353.8046875,29879212032.0,103770.5546875
861,25332408320.0,100652.84375,29885329408.0,103007.734375
862,25308624896.0,100547.6015625,29984002048.0,102796.828125
863,25348415488.0,100486.0078125,29858619392.0,103050.1484375
864,25286928384.0,100629.5703125,30143684608.0,102480.125
865,25350481920.0,100353.6015625,29833748480.0,103378.421875
866,25311117312.0,100458.5234375,29955418112.0,103803.859375
867,25322883072.0,100687.8515625,29917014016.0,103042.8125
868,25320620032.0,100619.125,29843892224.0,102999.3046875
869,25315366912.0,100523.234375,29878044672.0,103073.0078125
870,25314998272.0,100388.6640625,29788583936.0,103490.8515625
871,25316468736.0,100707.5546875,29868500992.0,102918.71875
872,25310056448.0,100467.8984375,29841825792.0,103121.09375
873,25337511936.0,100460.71875,29852848128.0,103514.9140625
874,25281822720.0,100530.90625,30002393088.0,102761.4453125
875,25314574336.0,100402.1484375,29789929472.0,103410.9765625
876,25283778560.0,100539.71875,29809186816.0,103431.9453125
877,25270677504.0,100674.0078125,30030274560.0,102536.265625
878,25257168896.0,100274.296875,29738371072.0,103756.0546875
879,25324752896.0,100471.6171875,29794242560.0,102877.4375
880,25275062272.0,100434.1328125,29807736832.0,103325.15625
881,25306378240.0,100463.609375,29741703168.0,103117.4375
882,25258301440.0,100428.046875,29906128896.0,102805.4140625
883,25331007488.0,100526.8359375,29973821440.0,102542.390625
884,25298919424.0,100343.96875,29701349376.0,103541.6015625
885,25270020096.0,100637.6484375,29936455680.0,102555.640625
886,25279569920.0,100421.2578125,29768304640.0,102812.890625
887,25308385280.0,100411.1171875,29693523968.0,103492.828125
888,25283479552.0,100574.921875,29713725440.0,103151.6953125
889,25263773696.0,100368.265625,29702483968.0,103753.1875
890,25279758336.0,100628.7578125,29891905536.0,102724.4921875
891,25249216512.0,100407.21875,29862733824.0,103016.71875
892,25298139136.0,100429.1953125,29815095296.0,102999.484375
893,25287698432.0,100427.609375,29735985152.0,103414.3515625
894,25234888704.0,100539.4296875,29868904448.0,102791.3125
895,25315444736.0,100501.2890625,29886580736.0,102562.109375
896,25297164288.0,100355.0390625,29772736512.0,103232.65625
897,25277706240.0,100498.6640625,29797722112.0,102947.3515625
898,25282308096.0,100455.3046875,29711441920.0,103241.1484375
899,25258821632.0,100338.0546875,29681287168.0,103828.1484375
900,25255866368.0,100542.8203125,29674485760.0,103435.8515625
901,25197946880.0,100567.609375,29981380608.0,102414.09375
902,25295491072.0,100399.5234375,29799710720.0,102566.3515625
903,25289240576.0,100363.1875,29938642944.0,102436.84375
904,25277874176.0,100337.9296875,29761402880.0,102724.0390625
905,25244889088.0,100406.9921875,29707446272.0,103584.5859375
906,25263355904.0,100468.6484375,29680267264.0,103857.0390625
907,25293846528.0,100350.15625,29714935808.0,102901.875
908,25256531968.0,100379.5859375,29976606720.0,102637.5078125
909,25250879488.0,100374.078125,29803352064.0,102444.484375
910,25256605696.0,100402.984375,29846616064.0,102534.4140625
911,25263779840.0,100305.8203125,29808236544.0,102717.453125
912,25269903360.0,100327.4453125,29774190592.0,103036.4140625
913,25262223360.0,100419.0,29846372352.0,102448.25
914,25285451776.0,100222.8359375,29764683776.0,102639.3515625
915,25236635648.0,100301.2265625,29666822144.0,103245.8828125
916,25253117952.0,100519.4609375,29651759104.0,103240.0
917,25240418304.0,100494.53125,29689806848.0,102521.1875
918,25246177280.0,100342.59375,29567920128.0,103044.1171875
919,25241325568.0,100443.8828125,29693663232.0,102650.125
920,25221933056.0,100337.1875,29748396032.0,102515.984375
921,25235296256.0,100241.046875,29647915008.0,103037.8515625
922,25219393536.0,100425.5625,29787924480.0,102504.9140625
923,25287757824.0,100285.25,29583134720.0,103444.6171875
924,25195044864.0,100433.953125,29733246976.0,102855.484375
925,25242488832.0,100238.234375,29623779328.0,103119.875
926,25239820288.0,100387.046875,29577768960.0,103164.46875
927,25224998912.0,100457.859375,29536761856.0,103152.0234375
928,25208385536.0,100285.15625,29553655808.0,103531.2734375
929,25217529856.0,100524.8671875,29649534976.0,102770.4609375
930,25230479360.0,100262.8671875,29610903552.0,102878.0703125
931,25200941056.0,100361.828125,29610741760.0,102927.6953125
932,25219055616.0,100304.21875,29627406336.0,103051.6953125
933,25222201344.0,100352.1640625,29644853248.0,102724.6171875
934,25200326656.0,100330.671875,29713137664.0,102571.9609375
935,25232549888.0,100295.8671875,29718169600.0,102732.6953125
936,25204828160.0,100317.2109375,29757923328.0,102571.296875
937,25221545984.0,100277.96875,29611266048.0,103369.75
938,25215221760.0,100361.15625,29546989568.0,102909.78125
939,25228417024.0,100214.046875,29604491264.0,103674.15625
940,25216698368.0,100499.5703125,29686704128.0,102504.4765625
941,25165414400.0,100180.2890625,29542379520.0,103352.8671875
942,25205006336.0,100458.6484375,29707331584.0,102429.5703125
943,25170022400.0,100180.296875,29532153856.0,103881.4921875
944,25224040448.0,100475.3125,29542660096.0,103189.1875
945,25199370240.0,100459.0625,29559347200.0,102987.984375
946,25215485952.0,100218.0,29556430848.0,102941.1875
947,25186803712.0,100401.75,29768552448.0,102407.234375
948,25208457216.0,100178.484375,29528057856.0,102994.4921875
949,25182558208.0,100252.953125,29524480000.0,103629.3984375
950,25197879296.0,100507.734375,29550548992.0,102869.2109375
951,25181468672.0,100256.1328125,29530159104.0,103095.8984375
952,25177255936.0,100346.625,29614792704.0,102933.6796875
953,25194475520.0,100234.03125,29605267456.0,102775.96875
954,25178066944.0,100266.1796875,29678526464.0,102774.03125
955,25179406336.0,100212.15625,29529044992.0,103072.4609375
956,25174648832.0,100312.828125,29656115200.0,102421.125
957,25189890048.0,100166.21875,29516314624.0,102877.46875
958,25189971968.0,100166.3125,29517494272.0,103196.6171875
959,25174872064.0,100351.1953125,29510123520.0,102891.90625
960,25203826688.0,100246.828125,29470353408.0,103132.390625
961,25159018496.0,100375.90625,29600649216.0,102447.0625
962,25179787264.0,100203.984375,29679677440.0,102232.609375
963,25193172992.0,100171.078125,29500889088.0,102612.7265625
964,25139406848.0,100197.7890625,29590982656.0,102626.640625
965,25120919552.0,100303.453125,29756547072.0,102322.296875
966,25186281472.0,100265.9296875,29559808000.0,102357.390625
967,25166209024.0,100203.21875,29606471680.0,102801.5390625
968,25156866048.0,100290.21875,29488596992.0,102470.5
969,25179265024.0,100163.125,29601089536.0,103239.171875
970,25176446976.0,100251.6171875,29531185152.0,102639.1328125
971,25119475712.0,100281.2109375,29690824704.0,102948.3359375
972,25177649152.0,100170.671875,29472079872.0,103104.7890625
973,25095487488.0,100088.03125,29618640896.0,103671.9765625
974,25164054528.0,100263.296875,29425070080.0,103082.0078125
975,25112559616.0,100235.953125,29429860352.0,103210.6171875
976,25133930496.0,100210.609375,29486352384.0,102772.421875
977,25171329024.0,100127.5078125,29467602944.0,102867.3828125
978,25138356224.0,100230.875,29544208384.0,102612.953125
979,25149235200.0,100270.1796875,29495463936.0,102820.125
980,25144457216.0,100264.1171875,29604722688.0,102501.21875
981,25140654080.0,100143.90625,29674043392.0,102299.984375
982,25174870016.0,100204.4609375,29674741760.0,102129.3046875
983,25164781568.0,100117.84375,29508790272.0,102727.4375
984,25127049216.0,100194.8203125,29482510336.0,102555.1484375
985,25138554880.0,100126.6015625,29412620288.0,103306.2265625
986,25136728064.0,100245.4765625,29428357120.0,102900.1328125
987,25138366464.0,100226.125,29458778112.0,102385.984375
988,25128050688.0,100193.4453125,29632301056.0,102199.984375
989,25132533760.0,99975.5390625,29441742848.0,103860.390625
990,25138915328.0,100473.9765625,29543163904.0,102249.71875
991,25109790720.0,100006.609375,29394870272.0,103036.7578125
992,25124630528.0,100312.3046875,29429907456.0,102793.0546875
993,25120393216.0,100163.6484375,29379442688.0,102932.3046875
994,25109051392.0,100216.5078125,29427908608.0,102591.4765625
995,25100638208.0,100280.7109375,29562763264.0,102282.203125
996,25141749760.0,100120.0078125,29499107328.0,102280.015625
997,25125050368.0,100091.1796875,29433032704.0,102528.3203125
998,25100068864.0,100182.515625,29512343552.0,102267.8046875
999,25138722816.0,100065.3203125,29471391744.0,102739.6015625
